{
  "Ansi 6 Color" : {
    "Green Component" : 0.6861264705657959,
    "Blue Component" : 0.79186719655990601,
    "Red Component" : 0.086931481957435608
  },
  "Tags" : [

  ],
  "Ansi 12 Color" : {
    "Green Component" : 0.64410710334777832,
    "Blue Component" : 0.95445334911346436,
    "Red Component" : 0.32856267690658569
  },
  "Guid" : "E44613AE-DC86-485D-AFF0-8BD9BC3DEB68",
  "Normal Font" : "KnackNerdFontC-Regular 12",
  "Bold Color" : {
    "Green Component" : 1,
    "Blue Component" : 1,
    "Red Component" : 1
  },
  "Link Color" : {
    "Red Component" : 0.023,
    "Color Space" : "Calibrated",
    "Blue Component" : 0.67800000000000005,
    "Alpha Component" : 1,
    "Green Component" : 0.27000000000000002
  },
  "Horizontal Spacing" : 1,
  "Ansi 3 Color" : {
    "Green Component" : 0.91622048616409302,
    "Blue Component" : 0.18199658393859863,
    "Red Component" : 0.99857872724533081
  },
  "Rows" : 35,
  "Default Bookmark" : "No",
  "Cursor Guide Color" : {
    "Red Component" : 0.65000000000000002,
    "Color Space" : "Calibrated",
    "Blue Component" : 1,
    "Alpha Component" : 0.25,
    "Green Component" : 0.91000000000000003
  },
  "Non-ASCII Anti Aliased" : true,
  "Use Bright Bold" : false,
  "Ansi 10 Color" : {
    "Green Component" : 0.74577450752258301,
    "Blue Component" : 0.44331216812133789,
    "Red Component" : 0.44102632999420166
  },
  "Ambiguous Double Width" : false,
  "Jobs to Ignore" : [
    "rlogin",
    "ssh",
    "slogin",
    "telnet"
  ],
  "Ansi 15 Color" : {
    "Green Component" : 0.9999350905418396,
    "Blue Component" : 0.99997484683990479,
    "Red Component" : 1
  },
  "Foreground Color" : {
    "Green Component" : 0.78431372549019607,
    "Blue Component" : 0.84313725490196079,
    "Red Component" : 0.76078431372549016
  },
  "Bound Hosts" : [

  ],
  "Working Directory" : "\/Users\/kirilloleynik\/RubyGarage",
  "Blinking Cursor" : true,
  "Disable Window Resizing" : true,
  "Sync Title" : false,
  "Prompt Before Closing 2" : false,
  "BM Growl" : true,
  "Command" : "",
  "Description" : "Default",
  "Smart Cursor Color" : true,
  "Mouse Reporting" : true,
  "Screen" : -1,
  "Selection Color" : {
    "Red Component" : 0.17021429538726807,
    "Color Space" : "Calibrated",
    "Blue Component" : 0.27409347891807556,
    "Alpha Component" : 1,
    "Green Component" : 0.28789591789245605
  },
  "Only The Default BG Color Uses Transparency" : true,
  "Columns" : 80,
  "Idle Code" : 0,
  "Ansi 13 Color" : {
    "Green Component" : 0.30266252160072327,
    "Blue Component" : 0.73656630516052246,
    "Red Component" : 0.66606861352920532
  },
  "Custom Command" : "No",
  "ASCII Anti Aliased" : true,
  "Non Ascii Font" : "Monaco 12",
  "Vertical Spacing" : 1,
  "Use Bold Font" : false,
  "Option Key Sends" : 0,
  "Selected Text Color" : {
    "Green Component" : 0.78431372549019607,
    "Blue Component" : 0.84313725490196079,
    "Red Component" : 0.76078431372549016
  },
  "Background Color" : {
    "Red Component" : 0.086553491652011871,
    "Color Space" : "Calibrated",
    "Blue Component" : 0.12936526536941528,
    "Alpha Component" : 1,
    "Green Component" : 0.11513572931289673
  },
  "Character Encoding" : 4,
  "Ansi 11 Color" : {
    "Green Component" : 0.94377297163009644,
    "Blue Component" : 0.39001175761222839,
    "Red Component" : 0.99915623664855957
  },
  "Thin Strokes" : 2,
  "Use Italic Font" : true,
  "Unlimited Scrollback" : false,
  "Keyboard Map" : {
    "0xf700-0x260000" : {
      "Action" : 10,
      "Text" : "[1;6A"
    },
    "0x37-0x40000" : {
      "Action" : 11,
      "Text" : "0x1f"
    },
    "0x32-0x40000" : {
      "Action" : 11,
      "Text" : "0x00"
    },
    "0xf709-0x20000" : {
      "Action" : 10,
      "Text" : "[17;2~"
    },
    "0xf70c-0x20000" : {
      "Action" : 10,
      "Text" : "[20;2~"
    },
    "0xf729-0x20000" : {
      "Action" : 10,
      "Text" : "[1;2H"
    },
    "0xf72b-0x40000" : {
      "Action" : 10,
      "Text" : "[1;5F"
    },
    "0xf705-0x20000" : {
      "Action" : 10,
      "Text" : "[1;2Q"
    },
    "0xf703-0x260000" : {
      "Action" : 10,
      "Text" : "[1;6C"
    },
    "0xf700-0x220000" : {
      "Action" : 10,
      "Text" : "[1;2A"
    },
    "0xf701-0x280000" : {
      "Action" : 11,
      "Text" : "0x1b 0x1b 0x5b 0x42"
    },
    "0x38-0x40000" : {
      "Action" : 11,
      "Text" : "0x7f"
    },
    "0x33-0x40000" : {
      "Action" : 11,
      "Text" : "0x1b"
    },
    "0xf703-0x220000" : {
      "Action" : 10,
      "Text" : "[1;2C"
    },
    "0xf701-0x240000" : {
      "Action" : 10,
      "Text" : "[1;5B"
    },
    "0xf70d-0x20000" : {
      "Action" : 10,
      "Text" : "[21;2~"
    },
    "0xf702-0x260000" : {
      "Action" : 10,
      "Text" : "[1;6D"
    },
    "0xf729-0x40000" : {
      "Action" : 10,
      "Text" : "[1;5H"
    },
    "0xf706-0x20000" : {
      "Action" : 10,
      "Text" : "[1;2R"
    },
    "0x34-0x40000" : {
      "Action" : 11,
      "Text" : "0x1c"
    },
    "0xf700-0x280000" : {
      "Action" : 11,
      "Text" : "0x1b 0x1b 0x5b 0x41"
    },
    "0x2d-0x40000" : {
      "Action" : 11,
      "Text" : "0x1f"
    },
    "0xf70e-0x20000" : {
      "Action" : 10,
      "Text" : "[23;2~"
    },
    "0xf702-0x220000" : {
      "Action" : 10,
      "Text" : "[1;2D"
    },
    "0xf700-0x240000" : {
      "Action" : 10,
      "Text" : "[1;5A"
    },
    "0xf707-0x20000" : {
      "Action" : 10,
      "Text" : "[1;2S"
    },
    "0xf70a-0x20000" : {
      "Action" : 10,
      "Text" : "[18;2~"
    },
    "0x35-0x40000" : {
      "Action" : 11,
      "Text" : "0x1d"
    },
    "0xf70f-0x20000" : {
      "Action" : 10,
      "Text" : "[24;2~"
    },
    "0xf703-0x240000" : {
      "Action" : 10,
      "Text" : "[1;5C"
    },
    "0xf701-0x260000" : {
      "Action" : 10,
      "Text" : "[1;6B"
    },
    "0xf72b-0x20000" : {
      "Action" : 10,
      "Text" : "[1;2F"
    },
    "0x36-0x40000" : {
      "Action" : 11,
      "Text" : "0x1e"
    },
    "0xf708-0x20000" : {
      "Action" : 10,
      "Text" : "[15;2~"
    },
    "0xf701-0x220000" : {
      "Action" : 10,
      "Text" : "[1;2B"
    },
    "0xf70b-0x20000" : {
      "Action" : 10,
      "Text" : "[19;2~"
    },
    "0xf702-0x240000" : {
      "Action" : 10,
      "Text" : "[1;5D"
    },
    "0xf704-0x20000" : {
      "Action" : 10,
      "Text" : "[1;2P"
    }
  },
  "Window Type" : 2,
  "Blur Radius" : 6.3339242788461529,
  "Blink Allowed" : false,
  "Background Image Location" : "",
  "Blur" : true,
  "Badge Color" : {
    "Red Component" : 1,
    "Color Space" : "Calibrated",
    "Blue Component" : 0,
    "Alpha Component" : 0.5,
    "Green Component" : 0
  },
  "Cursor Boost" : 0,
  "Scrollback Lines" : 10000,
  "Cursor Type" : 2,
  "Send Code When Idle" : false,
  "Close Sessions On End" : true,
  "Terminal Type" : "xterm-256color",
  "Visual Bell" : true,
  "Flashing Bell" : false,
  "Initial Text" : "tmux attach -t base || tmux new -s base",
  "Silence Bell" : false,
  "Ansi 14 Color" : {
    "Green Component" : 0.77883964776992798,
    "Blue Component" : 0.853302001953125,
    "Red Component" : 0.25910326838493347
  },
  "Name" : "@kirilloleynik",
  "Cursor Text Color" : {
    "Green Component" : 1,
    "Blue Component" : 1,
    "Red Component" : 1
  },
  "Minimum Contrast" : 0,
  "Shortcut" : "",
  "Cursor Color" : {
    "Green Component" : 0.72156862745098038,
    "Blue Component" : 0.76470588235294112,
    "Red Component" : 0.70196078431372544
  },
  "Transparency" : 0,
  "Ansi 1 Color" : {
    "Green Component" : 0.16678813099861145,
    "Blue Component" : 0.16345372796058655,
    "Red Component" : 0.93341982364654541
  },
  "Ansi 2 Color" : {
    "Green Component" : 0.63991189002990723,
    "Blue Component" : 0.24708741903305054,
    "Red Component" : 0.2491900622844696
  },
  "Custom Directory" : "Yes",
  "Ansi 4 Color" : {
    "Green Component" : 0.50324428081512451,
    "Blue Component" : 0.93956089019775391,